login,url,number_of_contributions
sinbad,https://github.com/sinbad,109
sschuberth,https://github.com/sschuberth,32
larsxschneider,https://github.com/larsxschneider,30
michael-k,https://github.com/michael-k,23
andyneff,https://github.com/andyneff,20
javabrett,https://github.com/javabrett,15
bozaro,https://github.com/bozaro,10
dpursehouse,https://github.com/dpursehouse,10
ssgelm,https://github.com/ssgelm,10
Aorjoa,https://github.com/Aorjoa,8
epriestley,https://github.com/epriestley,7
wisielec,https://github.com/wisielec,6
PeterDaveHello,https://github.com/PeterDaveHello,5
WillHipschman,https://github.com/WillHipschman,4
sprohaska,https://github.com/sprohaska,3
thekafkaf,https://github.com/thekafkaf,3
billygor,https://github.com/billygor,3
dakotahawkins,https://github.com/dakotahawkins,3
mathstuf,https://github.com/mathstuf,3
jiangxin,https://github.com/jiangxin,3
chalstrick,https://github.com/chalstrick,2
anatolyborodin,https://github.com/anatolyborodin,2
aleb,https://github.com/aleb,2
asottile,https://github.com/asottile,2
VladimirKhvostov,https://github.com/VladimirKhvostov,2
omonnier,https://github.com/omonnier,2
rtyley,https://github.com/rtyley,2
AndrewJDR,https://github.com/AndrewJDR,2
teo-tsirpanis,https://github.com/teo-tsirpanis,2
sakerhead,https://github.com/sakerhead,2
strich,https://github.com/strich,2
rlaakkol,https://github.com/rlaakkol,2
TheJare,https://github.com/TheJare,2
pabloguerrero,https://github.com/pabloguerrero,2
glensc,https://github.com/glensc,2
noamt,https://github.com/noamt,2
ZaninAndrea,https://github.com/ZaninAndrea,2
ryansimmen,https://github.com/ryansimmen,2
ddanier,https://github.com/ddanier,1
benda1996,https://github.com/benda1996,1
devcurmudgeon,https://github.com/devcurmudgeon,1
miumok98,https://github.com/miumok98,1
pborreli,https://github.com/pborreli,1
joopmeijer1984,https://github.com/joopmeijer1984,1
raleksandar,https://github.com/raleksandar,1
nbrew,https://github.com/nbrew,1
Mistobaan,https://github.com/Mistobaan,1
ritthisakdi,https://github.com/ritthisakdi,1
bilke,https://github.com/bilke,1
difro,https://github.com/difro,1
sanoursa,https://github.com/sanoursa,1
artagnon,https://github.com/artagnon,1
laurent-barbisan-ullink,https://github.com/laurent-barbisan-ullink,1
seiyanuta,https://github.com/seiyanuta,1
creste,https://github.com/creste,1
nirgeier,https://github.com/nirgeier,1
p12tic,https://github.com/p12tic,1
jjgod,https://github.com/jjgod,1
jakub-m,https://github.com/jakub-m,1
jlehtnie,https://github.com/jlehtnie,1
ewbankkit,https://github.com/ewbankkit,1
t-kin,https://github.com/t-kin,1
russplaysguitar,https://github.com/russplaysguitar,1
myint,https://github.com/myint,1
dluksza,https://github.com/dluksza,1
didswit1,https://github.com/didswit1,1
wpsmith,https://github.com/wpsmith,1
mzknwitall702,https://github.com/mzknwitall702,1
i59,https://github.com/i59,1
kaleworsley,https://github.com/kaleworsley,1
ReDetection,https://github.com/ReDetection,1
orivej,https://github.com/orivej,1
sebokart,https://github.com/sebokart,1
thpang67,https://github.com/thpang67,1
sander120786,https://github.com/sander120786,1
rikdev,https://github.com/rikdev,1
pdf,https://github.com/pdf,1
pascalberger,https://github.com/pascalberger,1
memikequinn,https://github.com/memikequinn,1
mattn,https://github.com/mattn,1
GabLeRoux,https://github.com/GabLeRoux,1
seth2810,https://github.com/seth2810,1
celgemark,https://github.com/celgemark,1
wsprent,https://github.com/wsprent,1
zeldin,https://github.com/zeldin,1
joerg,https://github.com/joerg,1
mlajszczak,https://github.com/mlajszczak,1
keithws,https://github.com/keithws,1
dankegel,https://github.com/dankegel,1
eanakashima,https://github.com/eanakashima,1
rjbell4,https://github.com/rjbell4,1
gurugray,https://github.com/gurugray,1
vrajanap,https://github.com/vrajanap,1
lucaswerkmeister,https://github.com/lucaswerkmeister,1
Roman7477,https://github.com/Roman7477,1
RyanMcG,https://github.com/RyanMcG,1
schuCriX,https://github.com/schuCriX,1
clareliguori,https://github.com/clareliguori,1
mikkeloscar,https://github.com/mikkeloscar,1
hbons,https://github.com/hbons,1
chrissiebrodigan,https://github.com/chrissiebrodigan,1
love-jiw,https://github.com/love-jiw,1
graingert,https://github.com/graingert,1
zeroshirts,https://github.com/zeroshirts,1
grimreaper,https://github.com/grimreaper,1
mmbug,https://github.com/mmbug,1
skymoo,https://github.com/skymoo,1
Ignorant720,https://github.com/Ignorant720,1
nathanhi,https://github.com/nathanhi,1
revi,https://github.com/revi,1
jasperla,https://github.com/jasperla,1
arguiot,https://github.com/arguiot,1
cbartz,https://github.com/cbartz,1
takpare,https://github.com/takpare,1
chittunoo,https://github.com/chittunoo,1
steffix0168,https://github.com/steffix0168,1
QuLogic,https://github.com/QuLogic,1
rudineirk,https://github.com/rudineirk,1
monitorjbl,https://github.com/monitorjbl,1
ro31337,https://github.com/ro31337,1
isserrano,https://github.com/isserrano,1
jsh,https://github.com/jsh,1
ralfthewise,https://github.com/ralfthewise,1
gitter-badger,https://github.com/gitter-badger,1
fj,https://github.com/fj,1
catphish,https://github.com/catphish,1
AlphaRomeo13,https://github.com/AlphaRomeo13,1
Som-iiitb,https://github.com/Som-iiitb,1
bradh,https://github.com/bradh,1
nuclearsandwich,https://github.com/nuclearsandwich,1
